{
  "curve": "37a1",
  "parameters": {
    "Lmax": 29,
    "Mmax": 2
  },
  "curve_data": {
    "conductor": 37,
    "num_newforms": 2
  },
  "features": [
    [
      2,
      1
    ],
    [
      2,
      2
    ],
    [
      3,
      1
    ],
    [
      3,
      2
    ],
    [
      5,
      1
    ],
    [
      5,
      2
    ],
    [
      7,
      1
    ],
    [
      7,
      2
    ],
    [
      11,
      1
    ],
    [
      11,
      2
    ],
    [
      13,
      1
    ],
    [
      13,
      2
    ],
    [
      17,
      1
    ],
    [
      17,
      2
    ],
    [
      19,
      1
    ],
    [
      19,
      2
    ],
    [
      23,
      1
    ],
    [
      23,
      2
    ]
  ],
  "polynomial_coefficients": [
    -0.0003904724716907458,
    0.0,
    -0.0005857087075361188,
    0.0005857087075361188,
    -0.0003904724716907458,
    -0.0011714174150722375,
    -0.0001952362358453729,
    -0.002538071065989848,
    -0.0009761811792268645,
    0.0005857087075361188,
    -0.0003904724716907458,
    -0.004295197188598204,
    0.0,
    -0.006638032018742679,
    0.0,
    -0.00741897696212417,
    0.0003904724716907458,
    -0.008199921905505662
  ],
  "feature_vectors": {
    "f": [
      -2.0,
      0.0,
      -3.0,
      3.0,
      -2.0,
      -6.0,
      -1.0,
      -13.0,
      -5.0,
      3.0,
      -2.0,
      -22.0,
      0.0,
      -34.0,
      0.0,
      -38.0,
      2.0,
      -42.0
    ],
    "g_0": [
      0.0,
      -4.0,
      1.0,
      -5.0,
      0.0,
      -10.0,
      -1.0,
      -13.0,
      3.0,
      -13.0,
      -4.0,
      -10.0,
      6.0,
      2.0,
      2.0,
      -34.0,
      6.0,
      -10.0
    ]
  },
  "P_values": {
    "f": {
      "real": 1.0,
      "imag": 0.0
    },
    "g_0": 0.39867239359625145
  },
  "spectral_gap": 0.6013276064037485,
  "metadata": {
    "timestamp": "2025-09-24T20:33:22.680421",
    "curve": "37a1"
  }
}